ligne_id	commande_fk	article_fk	quantite	prix_unitaire	parent_ligne_fk
1	1	2	1	18.0	
2	1	3	1	20.0	
3	1	25	1	5.0	
4	1	30	1	5.0	
5	2	2	1	18.0	
6	2	4	1	18.0	
7	2	1	1	14.0	
8	2	25	1	5.0	
9	2	20	1	3.5	5
10	2	18	1	2.5	5
11	2	12	1	2.5	6
12	3	2	1	18.0	
13	3	8	1	20.5	
14	3	28	1	6.0	
15	4	5	1	17.0	
16	4	6	1	19.0	
17	4	4	1	18.0	
18	4	15	1	2.0	12
19	4	16	1	1.5	13
20	4	16	1	1.5	13
21	4	20	1	3.5	14
22	5	5	1	17.0	
23	5	3	1	20.0	
24	5	7	1	19.5	
25	5	24	1	4.0	
26	5	21	1	3.0	
27	5	28	1	6.0	
28	6	3	1	20.0	
29	6	7	1	19.5	
30	6	23	1	4.5	
31	6	13	1	2.5	21
32	6	10	1	2.5	21
33	7	4	1	18.0	
34	7	5	1	17.0	
35	7	6	1	19.0	
36	7	22	1	4.0	
37	7	10	1	2.5	24
38	7	15	1	2.0	24
39	7	10	1	2.5	26
40	8	3	1	20.0	
41	8	21	1	3.0	
42	8	22	1	4.0	
43	9	5	1	17.0	
44	9	7	1	19.5	
45	9	22	1	4.0	
46	9	12	1	2.5	31
47	9	17	1	2.0	31
48	9	13	1	2.5	32
49	9	19	1	2.0	32
50	10	6	1	19.0	
51	10	2	1	18.0	
52	10	21	1	3.0	
53	10	27	1	6.0	
54	11	7	1	19.5	
55	11	4	2	18.0	
56	11	26	1	4.5	
57	11	13	1	2.5	38
58	11	11	1	2.0	39
59	12	1	1	14.0	
60	12	3	2	20.0	
61	12	23	1	4.5	
62	12	20	1	3.5	42
63	13	2	1	18.0	
64	13	25	1	5.0	
65	13	13	1	2.5	44
66	13	17	1	2.0	44
67	14	2	1	18.0	
68	14	5	1	17.0	
69	14	6	1	19.0	
70	14	21	1	3.0	
71	14	9	1	3.0	46
72	14	16	1	1.5	47
73	15	2	1	18.0	
74	15	21	1	3.0	
75	15	11	1	2.0	50
76	16	6	1	19.0	
77	16	2	1	18.0	
78	16	18	1	2.5	53
79	16	16	1	1.5	53
80	17	6	2	19.0	
81	18	5	2	17.0	
82	18	1	1	14.0	
83	18	26	1	4.5	
84	18	20	1	3.5	55
85	18	14	1	3.0	55
86	19	7	1	19.5	
87	19	6	2	19.0	
88	19	23	1	4.5	
89	19	13	1	2.5	58
90	19	12	1	2.5	58
91	19	11	1	2.0	59
92	20	1	1	14.0	
93	20	23	1	4.5	
94	21	4	1	18.0	
95	21	1	2	14.0	
96	21	26	1	4.5	
97	21	11	1	2.0	64
98	22	6	2	19.0	
99	22	1	2	14.0	
100	23	4	1	18.0	
101	23	6	1	19.0	
102	23	25	1	5.0	
103	23	27	1	6.0	
104	23	15	1	2.0	69
105	23	11	1	2.0	69
106	24	6	1	19.0	
107	24	4	1	18.0	
108	24	25	1	5.0	
109	24	9	1	3.0	72
110	25	1	1	14.0	
111	25	7	2	19.5	
112	25	14	1	3.0	75
113	25	11	1	2.0	75
114	26	8	1	20.5	
115	26	5	2	17.0	
116	26	25	1	5.0	
117	26	22	1	4.0	
118	26	9	1	3.0	78
119	27	3	2	20.0	
120	27	7	1	19.5	
121	27	22	1	4.0	
122	27	18	1	2.5	82
123	27	10	1	2.5	82
124	28	3	1	20.0	
125	28	4	2	18.0	
126	29	3	1	20.0	
127	29	8	1	20.5	
128	29	21	1	3.0	
129	29	23	1	4.5	
130	29	27	1	6.0	
131	29	11	1	2.0	86
132	29	19	1	2.0	86
133	29	16	1	1.5	87
134	29	9	1	3.0	87
135	30	2	1	18.0	
136	30	7	1	19.5	
137	30	21	1	3.0	
138	30	23	1	4.5	
139	30	29	1	5.5	
140	31	8	2	20.5	
141	31	6	2	19.0	
142	31	22	1	4.0	
143	31	22	1	4.0	
144	32	6	1	19.0	
145	32	1	2	14.0	
146	32	12	1	2.5	100
147	32	10	1	2.5	100
148	32	10	1	2.5	101
149	32	16	1	1.5	101
150	33	7	2	19.5	
151	33	3	1	20.0	
152	33	16	1	1.5	102
153	33	13	1	2.5	102
154	33	11	1	2.0	103
155	34	7	1	19.5	
156	34	8	1	20.5	
157	34	5	1	17.0	
158	34	26	1	4.5	
159	34	28	1	6.0	
160	35	1	1	14.0	
161	35	4	1	18.0	
162	35	8	1	20.5	
163	35	23	1	4.5	
164	35	10	1	2.5	111
165	36	2	1	18.0	
166	36	1	1	14.0	
167	36	24	1	4.0	
168	36	22	1	4.0	
169	36	17	1	2.0	113
170	36	14	1	3.0	113
171	36	18	1	2.5	114
172	36	18	1	2.5	114
173	37	5	2	17.0	
174	37	3	1	20.0	
175	37	22	1	4.0	
176	37	20	1	3.5	118
177	37	19	1	2.0	118
178	38	8	1	20.5	
179	39	3	1	20.0	
180	39	2	2	18.0	
181	39	25	1	5.0	
182	39	12	1	2.5	121
183	39	20	1	3.5	122
184	39	12	1	2.5	122
185	40	6	2	19.0	
186	40	3	1	20.0	
187	40	22	1	4.0	
188	41	1	1	14.0	
189	41	7	2	19.5	
190	42	5	1	17.0	
191	42	2	1	18.0	
192	42	23	1	4.5	
193	42	9	1	3.0	130
194	43	5	1	17.0	
195	43	2	1	18.0	
196	43	7	2	19.5	
197	43	24	1	4.0	
198	43	18	1	2.5	132
199	43	20	1	3.5	133
200	44	8	1	20.5	
201	44	26	1	4.5	
202	45	6	2	19.0	
203	45	8	1	20.5	
204	45	21	1	3.0	
205	45	26	1	4.5	
206	45	15	1	2.0	138
207	45	14	1	3.0	138
208	46	3	1	20.0	
209	46	2	1	18.0	
210	46	22	1	4.0	
211	47	3	1	20.0	
212	47	5	2	17.0	
213	47	2	1	18.0	
214	48	1	1	14.0	
215	48	23	1	4.5	
216	49	7	1	19.5	
217	49	6	2	19.0	
218	49	28	1	6.0	
219	49	14	1	3.0	150
220	49	12	1	2.5	150
221	50	5	1	17.0	
222	50	7	2	19.5	
223	50	24	1	4.0	
224	50	24	1	4.0	
225	50	29	1	5.5	
226	50	19	1	2.0	153
227	51	5	1	17.0	
228	51	8	1	20.5	
229	51	7	1	19.5	
230	51	23	1	4.5	
231	51	25	1	5.0	
232	51	16	1	1.5	160
233	52	2	1	18.0	
234	52	1	2	14.0	
235	52	5	1	17.0	
236	52	23	1	4.5	
237	52	17	1	2.0	163
238	53	1	1	14.0	
239	53	8	2	20.5	
240	53	29	1	5.5	
241	53	18	1	2.5	168
242	53	13	1	2.5	168
243	54	3	2	20.0	
244	54	22	1	4.0	
245	54	30	1	5.0	
246	55	3	1	20.0	
247	56	6	1	19.0	
248	56	5	2	17.0	
249	56	26	1	4.5	
250	57	8	1	20.5	
251	57	3	2	20.0	
252	57	25	1	5.0	
253	57	15	1	2.0	178
254	57	12	1	2.5	178
255	58	1	2	14.0	
256	58	7	1	19.5	
257	58	19	1	2.0	181
258	59	2	2	18.0	
259	59	26	1	4.5	
260	60	4	2	18.0	
261	60	2	1	18.0	
262	60	24	1	4.0	
263	60	27	1	6.0	
264	61	1	1	14.0	
265	61	5	1	17.0	
266	61	28	1	6.0	
267	62	7	1	19.5	
268	62	5	1	17.0	
269	63	4	1	18.0	
270	63	26	1	4.5	
271	63	28	1	6.0	
272	64	7	1	19.5	
273	64	6	1	19.0	
274	65	1	1	14.0	
275	65	6	1	19.0	
276	65	3	1	20.0	
277	65	26	1	4.5	
278	65	25	1	5.0	
279	66	1	2	14.0	
280	66	12	1	2.5	203
281	66	19	1	2.0	203
282	67	2	1	18.0	
283	67	8	2	20.5	
284	67	23	1	4.5	
285	67	30	1	5.0	
286	67	17	1	2.0	205
287	67	13	1	2.5	205
288	68	5	1	17.0	
289	68	23	1	4.5	
290	69	6	1	19.0	
291	69	24	1	4.0	
292	69	28	1	6.0	
293	69	17	1	2.0	210
294	69	19	1	2.0	210
295	70	5	1	17.0	
296	70	1	1	14.0	
297	70	8	1	20.5	
298	70	16	1	1.5	213
299	70	9	1	3.0	213
300	70	11	1	2.0	215
301	71	2	1	18.0	
302	72	2	1	18.0	
303	72	5	1	17.0	
304	72	24	1	4.0	
305	73	6	2	19.0	
306	73	5	1	17.0	
307	73	28	1	6.0	
308	73	15	1	2.0	221
309	73	15	1	2.0	221
310	74	5	1	17.0	
311	74	6	1	19.0	
312	74	28	1	6.0	
313	75	6	1	19.0	
314	75	28	1	6.0	
315	76	8	1	20.5	
316	76	24	1	4.0	
317	76	13	1	2.5	228
318	77	8	1	20.5	
319	77	29	1	5.5	
320	78	7	1	19.5	
321	78	3	1	20.0	
322	78	26	1	4.5	
323	78	25	1	5.0	
324	78	29	1	5.5	
325	78	16	1	1.5	232
326	78	16	1	1.5	232
327	79	1	1	14.0	
328	80	3	1	20.0	
329	80	23	1	4.5	
330	80	25	1	5.0	
331	80	28	1	6.0	
332	80	11	1	2.0	238
333	80	16	1	1.5	238
334	81	3	1	20.0	
335	81	6	1	19.0	
336	81	7	1	19.5	
337	81	16	1	1.5	242
338	81	9	1	3.0	243
339	82	3	1	20.0	
340	82	4	1	18.0	
341	82	23	1	4.5	
342	82	17	1	2.0	245
343	83	6	1	19.0	
344	83	5	1	17.0	
345	83	8	1	20.5	
346	83	24	1	4.0	
347	83	27	1	6.0	
348	83	16	1	1.5	249
349	84	5	1	17.0	
350	84	2	1	18.0	
351	84	8	1	20.5	
352	84	30	1	5.0	
353	84	10	1	2.5	254
354	84	12	1	2.5	254
355	85	4	1	18.0	
356	85	8	1	20.5	
357	85	21	1	3.0	
358	85	22	1	4.0	
359	85	17	1	2.0	257
360	86	7	1	19.5	
361	86	24	1	4.0	
362	86	24	1	4.0	
363	86	20	1	3.5	261
364	87	4	2	18.0	
365	87	7	1	19.5	
366	87	27	1	6.0	
367	87	20	1	3.5	265
368	88	5	1	17.0	
369	88	7	1	19.5	
370	88	25	1	5.0	
371	88	25	1	5.0	
372	89	3	1	20.0	
373	90	3	1	20.0	
374	91	7	1	19.5	
375	91	4	1	18.0	
376	91	5	1	17.0	
377	91	27	1	6.0	
378	91	11	1	2.0	273
379	92	1	1	14.0	
380	92	2	1	18.0	
381	92	8	2	20.5	
382	92	17	1	2.0	278
383	93	4	1	18.0	
384	93	8	1	20.5	
385	93	23	1	4.5	
386	93	23	1	4.5	
387	94	8	1	20.5	
388	95	6	1	19.0	
389	95	4	2	18.0	
390	95	26	1	4.5	
391	95	26	1	4.5	
392	96	8	1	20.5	
393	96	22	1	4.0	
394	96	25	1	5.0	
395	96	13	1	2.5	289
396	97	1	1	14.0	
397	97	16	1	1.5	292
398	97	18	1	2.5	292
399	98	6	1	19.0	
400	98	4	1	18.0	
401	98	24	1	4.0	
402	98	14	1	3.0	294
403	98	20	1	3.5	294
404	99	6	2	19.0	
405	99	3	1	20.0	
406	99	24	1	4.0	
407	99	28	1	6.0	
408	100	7	2	19.5	
409	100	2	2	18.0	
410	100	26	1	4.5	
411	101	3	1	20.0	
412	101	1	1	14.0	
413	101	2	1	18.0	
414	101	26	1	4.5	
415	101	14	1	3.0	305
416	101	9	1	3.0	305
417	102	8	1	20.5	
418	102	7	1	19.5	
419	102	11	1	2.0	308
420	103	6	1	19.0	
421	103	8	1	20.5	
422	103	3	1	20.0	
423	104	3	2	20.0	
424	104	4	2	18.0	
425	104	26	1	4.5	
426	104	24	1	4.0	
427	104	17	1	2.0	312
428	104	9	1	3.0	312
429	104	10	1	2.5	313
430	105	6	1	19.0	
431	106	5	1	17.0	
432	106	3	1	20.0	
433	106	25	1	5.0	
434	106	22	1	4.0	
435	106	16	1	1.5	317
436	107	6	1	19.0	
437	107	2	1	18.0	
438	107	4	1	18.0	
439	107	26	1	4.5	
440	107	22	1	4.0	
441	108	7	2	19.5	
442	108	24	1	4.0	
443	108	30	1	5.0	
444	108	13	1	2.5	326
445	109	1	2	14.0	
446	109	2	1	18.0	
447	109	26	1	4.5	
448	109	14	1	3.0	329
449	110	4	1	18.0	
450	110	7	1	19.5	
451	110	22	1	4.0	
452	110	10	1	2.5	332
453	111	5	2	17.0	
454	111	3	1	20.0	
455	111	23	1	4.5	
456	111	27	1	6.0	
457	112	2	1	18.0	
458	112	4	1	18.0	
459	112	21	1	3.0	
460	112	30	1	5.0	
461	112	18	1	2.5	339
462	113	2	2	18.0	
463	113	23	1	4.5	
464	113	16	1	1.5	343
465	113	20	1	3.5	343
466	114	6	1	19.0	
467	114	8	1	20.5	
468	114	24	1	4.0	
469	114	29	1	5.5	
470	115	6	1	19.0	
471	115	7	1	19.5	
472	115	5	1	17.0	
473	115	25	1	5.0	
474	115	30	1	5.0	
475	116	8	2	20.5	
476	116	2	1	18.0	
477	116	23	1	4.5	
478	116	28	1	6.0	
479	117	7	1	19.5	
480	117	8	1	20.5	
481	117	22	1	4.0	
482	117	20	1	3.5	359
483	118	3	1	20.0	
484	119	7	1	19.5	
485	119	5	1	17.0	
486	119	3	1	20.0	
487	120	8	1	20.5	
488	120	4	1	18.0	
489	120	13	1	2.5	365
490	121	3	2	20.0	
491	121	25	1	5.0	
492	121	22	1	4.0	
493	121	29	1	5.5	
494	122	2	1	18.0	
495	122	5	1	17.0	
496	122	27	1	6.0	
497	122	10	1	2.5	371
498	122	9	1	3.0	371
499	122	15	1	2.0	372
500	122	10	1	2.5	372
501	123	1	1	14.0	
502	123	6	1	19.0	
503	123	7	2	19.5	
504	123	29	1	5.5	
505	124	3	2	20.0	
506	124	7	1	19.5	
507	124	26	1	4.5	
508	125	7	1	19.5	
509	125	3	2	20.0	
510	125	22	1	4.0	
511	125	29	1	5.5	
512	125	13	1	2.5	381
513	125	18	1	2.5	382
514	125	11	1	2.0	382
515	126	5	2	17.0	
516	126	21	1	3.0	
517	127	3	1	20.0	
518	127	6	2	19.0	
519	127	30	1	5.0	
520	127	13	1	2.5	387
521	127	9	1	3.0	388
522	127	16	1	1.5	388
523	128	7	1	19.5	
524	128	2	1	18.0	
525	128	21	1	3.0	
526	128	30	1	5.0	
527	129	3	1	20.0	
528	129	1	1	14.0	
529	129	12	1	2.5	394
530	129	17	1	2.0	394
531	129	15	1	2.0	395
532	129	9	1	3.0	395
533	130	4	1	18.0	
534	130	8	1	20.5	
535	130	22	1	4.0	
536	130	18	1	2.5	396
537	130	14	1	3.0	396
538	130	18	1	2.5	397
539	131	2	1	18.0	
540	131	8	1	20.5	
541	132	5	1	17.0	
542	132	8	1	20.5	
543	132	12	1	2.5	401
544	132	11	1	2.0	402
545	132	17	1	2.0	402
546	133	1	1	14.0	
547	133	3	1	20.0	
548	133	4	1	18.0	
549	133	22	1	4.0	
550	133	16	1	1.5	404
551	134	1	1	14.0	
552	134	28	1	6.0	
553	135	4	1	18.0	
554	135	21	1	3.0	
555	135	26	1	4.5	
556	135	13	1	2.5	409
557	135	16	1	1.5	409
558	136	3	1	20.0	
559	136	4	2	18.0	
560	136	30	1	5.0	
561	137	2	1	18.0	
562	137	6	1	19.0	
563	137	20	1	3.5	415
564	137	17	1	2.0	415
565	137	9	1	3.0	416
566	137	11	1	2.0	416
567	138	5	1	17.0	
568	138	21	1	3.0	
569	138	12	1	2.5	417
570	139	8	1	20.5	
571	139	4	2	18.0	
572	139	22	1	4.0	
573	139	28	1	6.0	
574	140	2	2	18.0	
575	140	4	1	18.0	
576	140	8	1	20.5	
577	140	30	1	5.0	
578	140	16	1	1.5	423
579	140	10	1	2.5	424
580	140	10	1	2.5	425
581	140	15	1	2.0	425
582	141	1	1	14.0	
583	141	8	1	20.5	
584	141	5	1	17.0	
585	141	29	1	5.5	
586	142	8	1	20.5	
587	142	4	1	18.0	
588	142	21	1	3.0	
589	142	9	1	3.0	432
590	143	1	1	14.0	
591	143	6	1	19.0	
592	143	29	1	5.5	
593	143	13	1	2.5	434
594	144	8	1	20.5	
595	144	4	1	18.0	
596	145	6	1	19.0	
597	145	7	2	19.5	
598	145	14	1	3.0	440
599	146	7	1	19.5	
600	146	1	1	14.0	
601	146	4	1	18.0	
602	146	25	1	5.0	
603	146	29	1	5.5	
604	146	12	1	2.5	441
605	146	17	1	2.0	441
606	146	12	1	2.5	442
607	147	1	1	14.0	
608	147	4	2	18.0	
609	147	19	1	2.0	447
610	148	6	2	19.0	
611	148	2	2	18.0	
612	148	16	1	1.5	448
613	148	19	1	2.0	448
614	148	10	1	2.5	449
615	148	9	1	3.0	449
616	149	4	2	18.0	
617	149	2	1	18.0	
618	149	26	1	4.5	
619	149	30	1	5.0	
620	150	8	1	20.5	
621	150	20	1	3.5	454
622	151	8	1	20.5	
623	151	4	2	18.0	
624	151	23	1	4.5	
625	151	14	1	3.0	455
626	151	15	1	2.0	455
627	152	2	1	18.0	
628	152	4	1	18.0	
629	153	4	1	18.0	
630	153	7	1	19.5	
631	153	6	1	19.0	
632	153	20	1	3.5	462
633	154	7	1	19.5	
634	154	1	1	14.0	
635	154	21	1	3.0	
636	154	28	1	6.0	
637	155	5	1	17.0	
638	155	23	1	4.5	
639	155	29	1	5.5	
640	156	6	2	19.0	
641	156	5	1	17.0	
642	156	1	1	14.0	
643	156	9	1	3.0	471
644	156	12	1	2.5	471
645	157	7	2	19.5	
646	157	27	1	6.0	
647	158	7	1	19.5	
648	158	8	1	20.5	
649	158	4	1	18.0	
650	159	6	1	19.0	
651	159	1	1	14.0	
652	159	23	1	4.5	
653	159	20	1	3.5	479
654	159	10	1	2.5	479
655	160	5	1	17.0	
656	160	24	1	4.0	
657	160	25	1	5.0	
658	161	5	1	17.0	
659	161	22	1	4.0	
660	162	5	2	17.0	
661	162	3	2	20.0	
662	162	23	1	4.5	
663	162	9	1	3.0	486
664	162	20	1	3.5	486
665	162	19	1	2.0	487
666	163	7	1	19.5	
667	163	23	1	4.5	
668	163	29	1	5.5	
669	163	20	1	3.5	489
670	163	19	1	2.0	489
671	164	7	1	19.5	
672	164	30	1	5.0	
673	164	11	1	2.0	492
674	164	17	1	2.0	492
675	165	7	1	19.5	
676	165	21	1	3.0	
677	165	23	1	4.5	
678	166	1	2	14.0	
679	166	7	1	19.5	
680	166	23	1	4.5	
681	166	27	1	6.0	
682	167	2	2	18.0	
683	167	26	1	4.5	
684	168	7	1	19.5	
685	168	6	1	19.0	
686	168	13	1	2.5	504
687	169	8	2	20.5	
688	169	1	1	14.0	
689	170	1	1	14.0	
690	170	8	2	20.5	
691	170	15	1	2.0	507
692	170	18	1	2.5	507
693	171	6	1	19.0	
694	171	3	1	20.0	
695	171	23	1	4.5	
696	171	30	1	5.0	
697	172	2	1	18.0	
698	172	6	1	19.0	
699	172	21	1	3.0	
700	172	26	1	4.5	
701	173	1	2	14.0	
702	173	3	2	20.0	
703	173	21	1	3.0	
704	173	28	1	6.0	
705	173	19	1	2.0	518
706	173	17	1	2.0	518
707	174	1	1	14.0	
708	174	3	2	20.0	
709	174	8	1	20.5	
710	174	26	1	4.5	
711	174	10	1	2.5	521
712	174	15	1	2.0	523
713	175	1	2	14.0	
714	175	5	2	17.0	
715	175	22	1	4.0	
716	175	30	1	5.0	
717	175	11	1	2.0	525
718	175	15	1	2.0	525
719	175	16	1	1.5	526
720	176	5	1	17.0	
721	177	8	1	20.5	
722	177	21	1	3.0	
723	177	25	1	5.0	
724	177	14	1	3.0	530
725	177	15	1	2.0	530
726	178	1	2	14.0	
727	178	2	2	18.0	
728	178	22	1	4.0	
729	178	16	1	1.5	533
730	178	11	1	2.0	533
731	179	3	2	20.0	
732	179	7	2	19.5	
733	179	26	1	4.5	
734	179	23	1	4.5	
735	179	27	1	6.0	
736	179	18	1	2.5	537
737	179	18	1	2.5	537
738	180	8	1	20.5	
739	180	1	1	14.0	
740	180	23	1	4.5	
741	180	28	1	6.0	
742	180	11	1	2.0	541
743	180	15	1	2.0	541
744	181	6	1	19.0	
745	181	2	1	18.0	
746	181	3	2	20.0	
747	181	30	1	5.0	
748	182	4	1	18.0	
749	182	22	1	4.0	
750	183	2	1	18.0	
751	183	4	1	18.0	
752	183	26	1	4.5	
753	183	21	1	3.0	
754	183	29	1	5.5	
755	183	20	1	3.5	551
756	184	1	1	14.0	
757	184	7	1	19.5	
758	184	17	1	2.0	556
759	184	9	1	3.0	556
760	185	6	2	19.0	
761	185	1	1	14.0	
762	185	14	1	3.0	558
763	186	4	1	18.0	
764	186	7	1	19.5	
765	186	25	1	5.0	
766	186	13	1	2.5	560
767	186	17	1	2.0	560
768	186	14	1	3.0	561
769	187	2	2	18.0	
770	187	22	1	4.0	
771	187	27	1	6.0	
772	188	1	1	14.0	
773	188	3	1	20.0	
774	188	21	1	3.0	
775	188	27	1	6.0	
776	189	6	1	19.0	
777	189	4	1	18.0	
778	189	23	1	4.5	
779	189	22	1	4.0	
780	190	5	2	17.0	
781	190	23	1	4.5	
782	190	25	1	5.0	
783	190	29	1	5.5	
784	190	11	1	2.0	574
785	191	3	1	20.0	
786	191	5	1	17.0	
787	191	23	1	4.5	
788	191	29	1	5.5	
789	192	8	1	20.5	
790	192	27	1	6.0	
791	192	9	1	3.0	582
792	192	11	1	2.0	582
793	193	5	2	17.0	
794	193	2	1	18.0	
795	193	22	1	4.0	
796	194	6	1	19.0	
797	194	3	1	20.0	
798	194	4	2	18.0	
799	194	24	1	4.0	
800	194	25	1	5.0	
801	194	20	1	3.5	587
802	194	15	1	2.0	587
803	194	20	1	3.5	588
804	194	15	1	2.0	588
805	195	3	2	20.0	
806	195	23	1	4.5	
807	196	8	1	20.5	
808	196	1	1	14.0	
809	196	27	1	6.0	
810	197	5	1	17.0	
811	197	6	1	19.0	
812	197	23	1	4.5	
813	197	24	1	4.0	
814	197	13	1	2.5	598
815	198	5	1	17.0	
816	198	8	2	20.5	
817	198	26	1	4.5	
818	198	19	1	2.0	601
819	198	17	1	2.0	602
820	199	5	1	17.0	
821	199	3	1	20.0	
822	199	25	1	5.0	
823	199	11	1	2.0	605
824	200	2	2	18.0	
825	200	22	1	4.0	
826	200	16	1	1.5	607
827	201	4	2	18.0	
828	201	3	1	20.0	
829	201	24	1	4.0	
830	201	27	1	6.0	
831	201	15	1	2.0	609
832	202	4	1	18.0	
833	202	23	1	4.5	
834	202	9	1	3.0	613
835	202	10	1	2.5	613
836	203	1	1	14.0	
837	203	5	2	17.0	
838	203	2	2	18.0	
839	204	7	1	19.5	
840	204	22	1	4.0	
841	204	24	1	4.0	
842	204	14	1	3.0	618
843	205	8	1	20.5	
844	205	2	1	18.0	
845	205	12	1	2.5	621
846	205	10	1	2.5	621
847	206	3	1	20.0	
848	206	4	2	18.0	
849	206	28	1	6.0	
850	207	5	1	17.0	
851	207	7	1	19.5	
852	208	3	1	20.0	
853	208	1	1	14.0	
854	208	7	1	19.5	
855	208	25	1	5.0	
856	208	24	1	4.0	
857	208	15	1	2.0	629
858	208	18	1	2.5	630
859	208	18	1	2.5	630
860	209	1	1	14.0	
861	209	24	1	4.0	
862	209	10	1	2.5	633
863	209	15	1	2.0	633
864	210	7	1	19.5	
865	210	4	1	18.0	
866	210	1	1	14.0	
867	210	23	1	4.5	
868	210	24	1	4.0	
869	211	6	1	19.0	
870	211	3	1	20.0	
871	211	8	1	20.5	
872	211	21	1	3.0	
873	211	14	1	3.0	641
874	211	14	1	3.0	641
875	211	12	1	2.5	642
876	212	7	1	19.5	
877	212	24	1	4.0	
878	213	3	1	20.0	
879	213	12	1	2.5	646
880	213	16	1	1.5	646
881	214	4	1	18.0	
882	215	5	1	17.0	
883	215	24	1	4.0	
884	215	12	1	2.5	648
885	215	15	1	2.0	648
886	216	8	1	20.5	
887	216	3	1	20.0	
888	216	6	1	19.0	
889	216	22	1	4.0	
890	216	29	1	5.5	
891	217	4	1	18.0	
892	217	8	1	20.5	
893	217	22	1	4.0	
894	217	28	1	6.0	
895	217	12	1	2.5	655
896	217	17	1	2.0	656
897	217	15	1	2.0	656
898	218	8	1	20.5	
899	218	14	1	3.0	659
900	219	2	1	18.0	
901	219	5	1	17.0	
902	219	25	1	5.0	
903	219	21	1	3.0	
904	220	3	2	20.0	
905	220	1	1	14.0	
906	220	21	1	3.0	
907	220	16	1	1.5	665
908	221	5	1	17.0	
909	221	1	2	14.0	
910	221	28	1	6.0	
911	222	8	1	20.5	
912	222	4	1	18.0	
913	222	1	1	14.0	
914	222	23	1	4.5	
915	222	13	1	2.5	670
916	222	10	1	2.5	670
917	223	6	1	19.0	
918	224	3	1	20.0	
919	224	26	1	4.5	
920	225	7	1	19.5	
921	225	23	1	4.5	
922	225	20	1	3.5	677
923	225	11	1	2.0	677
924	226	1	1	14.0	
925	227	5	2	17.0	
926	227	2	1	18.0	
927	227	9	1	3.0	680
928	228	8	2	20.5	
929	228	4	1	18.0	
930	228	24	1	4.0	
931	228	28	1	6.0	
932	229	8	2	20.5	
933	229	1	1	14.0	
934	229	20	1	3.5	686
935	229	15	1	2.0	686
936	230	1	2	14.0	
937	230	26	1	4.5	
938	231	8	2	20.5	
939	231	2	1	18.0	
940	231	23	1	4.5	
941	231	9	1	3.0	691
942	231	11	1	2.0	691
943	232	3	1	20.0	
944	232	8	1	20.5	
945	233	8	1	20.5	
946	233	1	1	14.0	
947	233	4	1	18.0	
948	233	23	1	4.5	
949	233	22	1	4.0	
950	234	3	1	20.0	
951	234	4	1	18.0	
952	234	21	1	3.0	
953	234	19	1	2.0	700
954	234	10	1	2.5	700
955	234	15	1	2.0	701
956	235	1	1	14.0	
957	235	26	1	4.5	
958	236	7	1	19.5	
959	236	1	1	14.0	
960	236	10	1	2.5	705
961	236	9	1	3.0	705
962	236	13	1	2.5	706
963	236	19	1	2.0	706
964	237	6	1	19.0	
965	237	24	1	4.0	
966	238	8	1	20.5	
967	238	6	2	19.0	
968	239	4	1	18.0	
969	239	5	1	17.0	
970	239	24	1	4.0	
971	239	29	1	5.5	
972	240	3	1	20.0	
973	240	7	1	19.5	
974	240	23	1	4.5	
975	240	14	1	3.0	715
976	240	18	1	2.5	715
977	241	7	2	19.5	
978	241	5	1	17.0	
979	241	26	1	4.5	
980	241	11	1	2.0	718
981	242	5	2	17.0	
982	242	10	1	2.5	721
983	243	4	1	18.0	
984	243	1	1	14.0	
985	243	11	1	2.0	723
986	244	7	1	19.5	
987	244	4	1	18.0	
988	244	8	1	20.5	
989	244	15	1	2.0	725
990	244	16	1	1.5	725
991	245	7	1	19.5	
992	245	4	1	18.0	
993	245	1	2	14.0	
994	245	22	1	4.0	
995	245	25	1	5.0	
996	245	16	1	1.5	729
997	246	7	1	19.5	
998	247	8	1	20.5	
999	247	1	1	14.0	
1000	247	4	1	18.0	
1001	247	25	1	5.0	
1002	247	27	1	6.0	
1003	247	14	1	3.0	735
1004	247	19	1	2.0	735
1005	248	6	2	19.0	
1006	248	7	1	19.5	
1007	248	24	1	4.0	
1008	248	20	1	3.5	739
1009	249	1	1	14.0	
1010	249	29	1	5.5	
1011	249	12	1	2.5	741
1012	250	1	1	14.0	
1013	250	2	1	18.0	
1014	250	14	1	3.0	744
1015	250	20	1	3.5	744
1016	251	6	1	19.0	
1017	251	1	1	14.0	
1018	251	24	1	4.0	
1019	252	5	1	17.0	
1020	253	7	1	19.5	
1021	253	4	1	18.0	
1022	253	26	1	4.5	
1023	254	5	1	17.0	
1024	254	26	1	4.5	
1025	254	27	1	6.0	
1026	255	2	1	18.0	
1027	255	21	1	3.0	
1028	255	27	1	6.0	
1029	256	4	1	18.0	
1030	256	21	1	3.0	
1031	256	20	1	3.5	758
1032	257	2	1	18.0	
1033	257	1	2	14.0	
1034	257	24	1	4.0	
1035	257	16	1	1.5	760
1036	258	3	2	20.0	
1037	258	26	1	4.5	
1038	258	30	1	5.0	
1039	258	11	1	2.0	763
1040	258	20	1	3.5	763
1041	259	1	2	14.0	
1042	259	5	1	17.0	
1043	259	21	1	3.0	
1044	259	13	1	2.5	766
1045	259	13	1	2.5	766
1046	260	8	1	20.5	
1047	260	5	1	17.0	
1048	260	3	1	20.0	
1049	261	7	1	19.5	
1050	261	4	1	18.0	
1051	261	19	1	2.0	772
1052	262	2	2	18.0	
1053	262	25	1	5.0	
1054	262	25	1	5.0	
1055	262	30	1	5.0	
1056	263	8	1	20.5	
1057	263	1	1	14.0	
1058	263	25	1	5.0	
1059	263	14	1	3.0	779
1060	264	3	1	20.0	
1061	264	1	2	14.0	
1062	264	27	1	6.0	
1063	264	20	1	3.5	781
1064	264	11	1	2.0	782
1065	264	15	1	2.0	782
1066	265	2	1	18.0	
1067	265	21	1	3.0	
1068	265	27	1	6.0	
1069	265	10	1	2.5	784
1070	265	16	1	1.5	784
1071	266	4	1	18.0	
1072	266	7	1	19.5	
1073	266	12	1	2.5	787
1074	267	8	1	20.5	
1075	267	3	1	20.0	
1076	267	5	1	17.0	
1077	267	25	1	5.0	
1078	267	25	1	5.0	
1079	267	27	1	6.0	
1080	268	6	1	19.0	
1081	268	8	1	20.5	
1082	268	21	1	3.0	
1083	268	14	1	3.0	796
1084	268	12	1	2.5	796
1085	269	7	1	19.5	
1086	269	27	1	6.0	
1087	270	1	1	14.0	
1088	270	8	1	20.5	
1089	270	13	1	2.5	801
1090	271	6	1	19.0	
1091	271	1	1	14.0	
1092	271	25	1	5.0	
1093	271	19	1	2.0	803
1094	272	3	2	20.0	
1095	272	6	1	19.0	
1096	272	1	1	14.0	
1097	272	20	1	3.5	807
1098	273	6	1	19.0	
1099	273	4	2	18.0	
1100	273	21	1	3.0	
1101	274	4	1	18.0	
1102	274	22	1	4.0	
1103	274	23	1	4.5	
1104	275	5	1	17.0	
1105	276	2	2	18.0	
1106	276	21	1	3.0	
1107	276	15	1	2.0	815
1108	277	7	1	19.5	
1109	277	4	1	18.0	
1110	277	1	1	14.0	
1111	277	25	1	5.0	
1112	278	1	2	14.0	
1113	278	5	2	17.0	
1114	278	6	1	19.0	
1115	278	28	1	6.0	
1116	278	16	1	1.5	823
1117	278	20	1	3.5	823
1118	279	3	2	20.0	
1119	279	13	1	2.5	825
1120	279	14	1	3.0	825
1121	280	4	1	18.0	
1122	280	22	1	4.0	
1123	280	26	1	4.5	
1124	281	7	1	19.5	
1125	281	22	1	4.0	
1126	281	26	1	4.5	
1127	281	28	1	6.0	
1128	281	16	1	1.5	829
1129	282	1	2	14.0	
1130	282	3	1	20.0	
1131	282	8	2	20.5	
1132	282	11	1	2.0	833
1133	282	9	1	3.0	834
1134	282	9	1	3.0	834
1135	282	13	1	2.5	835
1136	283	3	1	20.0	
1137	283	4	1	18.0	
1138	283	12	1	2.5	837
1139	283	14	1	3.0	837
1140	284	3	2	20.0	
1141	284	7	1	19.5	
1142	284	2	1	18.0	
1143	284	23	1	4.5	
1144	284	14	1	3.0	838
1145	284	18	1	2.5	838
1146	285	8	1	20.5	
1147	285	7	1	19.5	
1148	285	25	1	5.0	
1149	285	19	1	2.0	842
1150	285	17	1	2.0	842
1151	286	4	1	18.0	
1152	286	24	1	4.0	
1153	286	15	1	2.0	845
1154	287	4	2	18.0	
1155	287	5	1	17.0	
1156	287	24	1	4.0	
1157	288	2	1	18.0	
1158	288	7	1	19.5	
1159	288	23	1	4.5	
1160	288	10	1	2.5	850
1161	289	5	1	17.0	
1162	289	1	1	14.0	
1163	289	22	1	4.0	
1164	289	15	1	2.0	853
1165	289	15	1	2.0	853
1166	290	8	1	20.5	
1167	290	15	1	2.0	856
1168	291	1	1	14.0	
1169	291	24	1	4.0	
1170	291	26	1	4.5	
1171	292	3	1	20.0	
1172	292	25	1	5.0	
1173	293	8	1	20.5	
1174	293	6	1	19.0	
1175	293	24	1	4.0	
1176	293	28	1	6.0	
1177	293	19	1	2.0	862
1178	293	9	1	3.0	863
1179	293	11	1	2.0	863
1180	294	7	2	19.5	
1181	294	4	2	18.0	
1182	294	28	1	6.0	
1183	294	16	1	1.5	866
1184	294	20	1	3.5	866
1185	295	8	1	20.5	
1186	295	22	1	4.0	
1187	295	16	1	1.5	869
1188	296	8	1	20.5	
1189	296	3	1	20.0	
1190	296	28	1	6.0	
1191	297	1	1	14.0	
1192	297	2	1	18.0	
1193	297	25	1	5.0	
1194	297	29	1	5.5	
1195	297	19	1	2.0	874
1196	297	10	1	2.5	874
1197	298	8	1	20.5	
1198	298	4	1	18.0	
1199	298	3	1	20.0	
1200	298	22	1	4.0	
1201	298	20	1	3.5	879
1202	298	16	1	1.5	880
1203	298	16	1	1.5	880
1204	299	5	1	17.0	
1205	299	1	1	14.0	
1206	299	8	2	20.5	
1207	299	19	1	2.0	882
1208	300	1	2	14.0	
1209	300	21	1	3.0	
1210	300	21	1	3.0	
1211	300	12	1	2.5	885
1212	301	3	2	20.0	
1213	302	6	1	19.0	
1214	302	1	1	14.0	
1215	302	4	1	18.0	
1216	302	28	1	6.0	
1217	302	19	1	2.0	889
1218	302	18	1	2.5	889
1219	302	15	1	2.0	890
1220	303	3	1	20.0	
1221	304	1	1	14.0	
1222	305	7	2	19.5	
1223	305	2	1	18.0	
1224	305	6	1	19.0	
1225	305	30	1	5.0	
1226	305	14	1	3.0	897
1227	305	19	1	2.0	897
1228	306	1	1	14.0	
1229	306	6	1	19.0	
1230	306	2	1	18.0	
1231	306	28	1	6.0	
1232	306	10	1	2.5	901
1233	307	4	1	18.0	
1234	307	2	1	18.0	
1235	307	23	1	4.5	
1236	307	30	1	5.0	
1237	307	12	1	2.5	904
1238	308	8	1	20.5	
1239	308	4	1	18.0	
1240	308	23	1	4.5	
1241	308	25	1	5.0	
1242	308	9	1	3.0	908
1243	308	15	1	2.0	908
1244	309	2	2	18.0	
1245	309	3	2	20.0	
1246	309	17	1	2.0	912
1247	310	2	1	18.0	
1248	310	4	2	18.0	
1249	310	23	1	4.5	
1250	311	4	1	18.0	
1251	311	2	1	18.0	
1252	311	22	1	4.0	
1253	311	30	1	5.0	
1254	312	2	1	18.0	
1255	312	6	1	19.0	
1256	312	26	1	4.5	
1257	312	17	1	2.0	920
1258	313	6	2	19.0	
1259	313	7	1	19.5	
1260	313	27	1	6.0	
1261	313	9	1	3.0	924
1262	313	11	1	2.0	924
1263	314	8	1	20.5	
1264	314	2	1	18.0	
1265	314	5	2	17.0	
1266	314	24	1	4.0	
1267	314	20	1	3.5	927
1268	315	6	1	19.0	
1269	315	1	1	14.0	
1270	315	5	1	17.0	
1271	315	21	1	3.0	
1272	315	9	1	3.0	931
1273	315	19	1	2.0	931
1274	316	6	1	19.0	
1275	316	8	1	20.5	
1276	317	2	1	18.0	
1277	317	7	1	19.5	
1278	317	18	1	2.5	937
1279	317	19	1	2.0	937
1280	318	1	1	14.0	
1281	318	7	1	19.5	
1282	319	1	2	14.0	
1283	319	25	1	5.0	
1284	320	2	1	18.0	
1285	320	1	1	14.0	
1286	320	4	1	18.0	
1287	320	15	1	2.0	942
1288	320	13	1	2.5	942
1289	320	19	1	2.0	943
1290	320	10	1	2.5	943
1291	321	7	1	19.5	
1292	322	2	1	18.0	
1293	322	15	1	2.0	946
1294	322	18	1	2.5	946
1295	323	3	1	20.0	
1296	323	5	2	17.0	
1297	323	28	1	6.0	
1298	323	14	1	3.0	948
1299	323	11	1	2.0	948
1300	324	5	1	17.0	
1301	324	25	1	5.0	
1302	325	4	1	18.0	
1303	325	6	1	19.0	
1304	325	28	1	6.0	
1305	326	4	1	18.0	
1306	326	6	1	19.0	
1307	326	5	1	17.0	
1308	326	22	1	4.0	
1309	326	28	1	6.0	
1310	326	20	1	3.5	955
1311	327	7	1	19.5	
1312	327	6	2	19.0	
1313	327	25	1	5.0	
1314	327	26	1	4.5	
1315	328	3	1	20.0	
1316	328	6	1	19.0	
1317	328	26	1	4.5	
1318	329	4	1	18.0	
1319	329	1	1	14.0	
1320	329	24	1	4.0	
1321	330	3	1	20.0	
1322	330	25	1	5.0	
1323	331	2	1	18.0	
1324	331	8	2	20.5	
1325	331	25	1	5.0	
1326	331	22	1	4.0	
1327	332	1	1	14.0	
1328	332	2	1	18.0	
1329	333	2	1	18.0	
1330	333	22	1	4.0	
1331	333	12	1	2.5	978
1332	334	3	1	20.0	
1333	334	4	1	18.0	
1334	334	26	1	4.5	
1335	334	26	1	4.5	
1336	334	28	1	6.0	
1337	335	2	2	18.0	
1338	335	5	2	17.0	
1339	335	23	1	4.5	
1340	335	28	1	6.0	
1341	336	5	1	17.0	
1342	336	8	1	20.5	
1343	337	7	1	19.5	
1344	337	4	2	18.0	
1345	337	19	1	2.0	991
1346	337	9	1	3.0	992
1347	337	20	1	3.5	992
1348	338	5	1	17.0	
1349	339	4	2	18.0	
1350	339	1	1	14.0	
1351	339	30	1	5.0	
1352	339	17	1	2.0	994
1353	339	16	1	1.5	994
1354	339	19	1	2.0	995
1355	339	17	1	2.0	995
1356	340	4	1	18.0	
1357	341	6	2	19.0	
1358	341	7	1	19.5	
1359	341	27	1	6.0	
1360	341	15	1	2.0	998
1361	341	14	1	3.0	999
1362	342	1	1	14.0	
1363	342	27	1	6.0	
1364	343	8	1	20.5	
1365	343	2	1	18.0	
1366	343	1	2	14.0	
1367	343	23	1	4.5	
1368	343	30	1	5.0	
1369	344	4	2	18.0	
1370	344	1	1	14.0	
1371	344	15	1	2.0	1008
1372	344	20	1	3.5	1008
1373	344	16	1	1.5	1009
1374	345	7	1	19.5	
1375	345	5	1	17.0	
1376	345	21	1	3.0	
1377	345	9	1	3.0	1011
1378	346	3	1	20.0	
1379	346	6	1	19.0	
1380	346	13	1	2.5	1013
1381	346	12	1	2.5	1014
1382	346	16	1	1.5	1014
1383	347	2	1	18.0	
1384	347	8	1	20.5	
1385	347	24	1	4.0	
1386	347	25	1	5.0	
1387	347	11	1	2.0	1015
1388	348	2	1	18.0	
1389	348	3	1	20.0	
1390	348	7	1	19.5	
1391	348	28	1	6.0	
1392	348	12	1	2.5	1019
1393	348	14	1	3.0	1019
1394	348	9	1	3.0	1020
1395	348	16	1	1.5	1021
1396	348	13	1	2.5	1021
1397	349	3	1	20.0	
1398	349	8	1	20.5	
1399	349	29	1	5.5	
1400	350	4	1	18.0	
1401	350	2	2	18.0	
1402	350	22	1	4.0	
1403	351	6	1	19.0	
1404	352	5	1	17.0	
1405	352	1	1	14.0	
1406	352	21	1	3.0	
1407	352	30	1	5.0	
1408	352	20	1	3.5	1030
1409	353	8	1	20.5	
1410	353	5	1	17.0	
1411	353	6	2	19.0	
1412	353	23	1	4.5	
1413	353	22	1	4.0	
1414	353	27	1	6.0	
1415	353	13	1	2.5	1034
1416	353	13	1	2.5	1036
1417	354	6	1	19.0	
1418	354	28	1	6.0	
1419	355	5	1	17.0	
1420	355	2	1	18.0	
1421	355	30	1	5.0	
1422	355	20	1	3.5	1042
1423	355	19	1	2.0	1043
1424	355	19	1	2.0	1043
1425	356	6	1	19.0	
1426	356	2	2	18.0	
1427	356	26	1	4.5	
1428	356	29	1	5.5	
1429	356	16	1	1.5	1045
1430	357	7	1	19.5	
1431	357	1	2	14.0	
1432	357	18	1	2.5	1049
1433	357	9	1	3.0	1050
1434	358	1	2	14.0	
1435	358	7	1	19.5	
1436	358	25	1	5.0	
1437	359	2	2	18.0	
1438	359	10	1	2.5	1054
1439	359	17	1	2.0	1054
1440	360	7	1	19.5	
1441	360	6	2	19.0	
1442	360	23	1	4.5	
1443	360	29	1	5.5	
1444	360	12	1	2.5	1056
1445	361	3	1	20.0	
1446	361	6	1	19.0	
1447	361	23	1	4.5	
1448	362	8	2	20.5	
1449	362	7	1	19.5	
1450	362	30	1	5.0	
1451	362	14	1	3.0	1063
1452	363	4	1	18.0	
1453	363	8	1	20.5	
1454	364	1	1	14.0	
1455	364	3	1	20.0	
1456	364	5	1	17.0	
1457	364	24	1	4.0	
1458	364	28	1	6.0	
1459	364	9	1	3.0	1067
1460	364	13	1	2.5	1068
1461	365	2	2	18.0	
1462	365	6	1	19.0	
1463	365	5	1	17.0	
1464	365	25	1	5.0	
1465	365	26	1	4.5	
1466	365	11	1	2.0	1073
1467	365	10	1	2.5	1073
1468	365	11	1	2.0	1074
1469	365	11	1	2.0	1074
1470	366	3	1	20.0	
1471	366	25	1	5.0	
1472	366	19	1	2.0	1077
1473	366	16	1	1.5	1077
1474	367	4	1	18.0	
1475	367	8	1	20.5	
1476	367	24	1	4.0	
1477	367	20	1	3.5	1079
1478	368	2	1	18.0	
1479	368	1	2	14.0	
1480	368	3	1	20.0	
1481	368	22	1	4.0	
1482	368	27	1	6.0	
1483	368	10	1	2.5	1083
1484	368	12	1	2.5	1084
1485	368	17	1	2.0	1084
1486	369	5	1	17.0	
1487	369	4	1	18.0	
1488	369	26	1	4.5	
1489	369	20	1	3.5	1087
1490	369	14	1	3.0	1087
1491	370	5	2	17.0	
1492	370	2	1	18.0	
1493	370	12	1	2.5	1091
1494	371	6	1	19.0	
1495	371	14	1	3.0	1092
1496	371	18	1	2.5	1092
1497	372	8	2	20.5	
1498	372	22	1	4.0	
1499	372	17	1	2.0	1093
1500	372	10	1	2.5	1093
1501	373	8	1	20.5	
1502	373	21	1	3.0	
1503	374	6	1	19.0	
1504	374	5	1	17.0	
1505	374	26	1	4.5	
1506	374	21	1	3.0	
1507	375	7	1	19.5	
1508	375	2	2	18.0	
1509	375	5	1	17.0	
1510	375	26	1	4.5	
1511	375	21	1	3.0	
1512	375	16	1	1.5	1101
1513	375	19	1	2.0	1101
1514	376	2	1	18.0	
1515	376	3	1	20.0	
1516	376	24	1	4.0	
1517	376	29	1	5.5	
1518	376	14	1	3.0	1107
1519	377	5	1	17.0	
1520	377	26	1	4.5	
1521	377	24	1	4.0	
1522	377	10	1	2.5	1110
1523	378	5	2	17.0	
1524	378	26	1	4.5	
1525	378	16	1	1.5	1113
1526	378	16	1	1.5	1113
1527	379	3	1	20.0	
1528	379	8	1	20.5	
1529	379	6	1	19.0	
1530	379	30	1	5.0	
1531	379	11	1	2.0	1117
1532	379	16	1	1.5	1117
1533	380	2	2	18.0	
1534	380	22	1	4.0	
1535	381	2	1	18.0	
1536	381	6	1	19.0	
1537	381	24	1	4.0	
1538	381	23	1	4.5	
1539	381	28	1	6.0	
1540	381	17	1	2.0	1122
1541	381	14	1	3.0	1122
1542	382	2	1	18.0	
1543	382	25	1	5.0	
1544	383	8	2	20.5	
1545	383	5	1	17.0	
1546	383	4	1	18.0	
1547	383	22	1	4.0	
1548	383	15	1	2.0	1129
1549	383	19	1	2.0	1129
1550	384	7	2	19.5	
1551	384	1	1	14.0	
1552	384	8	1	20.5	
1553	384	30	1	5.0	
1554	384	18	1	2.5	1134
1555	385	3	1	20.0	
1556	385	4	2	18.0	
1557	385	29	1	5.5	
1558	385	19	1	2.0	1137
1559	385	13	1	2.5	1137
1560	386	2	1	18.0	
1561	386	5	2	17.0	
1562	387	7	1	19.5	
1563	387	26	1	4.5	
1564	387	27	1	6.0	
1565	388	8	1	20.5	
1566	388	7	1	19.5	
1567	388	26	1	4.5	
1568	388	21	1	3.0	
1569	388	30	1	5.0	
1570	389	1	1	14.0	
1571	389	8	1	20.5	
1572	389	3	2	20.0	
1573	389	27	1	6.0	
1574	390	8	1	20.5	
1575	390	2	1	18.0	
1576	390	16	1	1.5	1153
1577	390	20	1	3.5	1153
1578	391	5	1	17.0	
1579	391	2	1	18.0	
1580	391	23	1	4.5	
1581	392	5	1	17.0	
1582	392	24	1	4.0	
1583	392	15	1	2.0	1158
1584	392	9	1	3.0	1158
1585	393	6	1	19.0	
1586	393	2	2	18.0	
1587	393	4	1	18.0	
1588	393	17	1	2.0	1160
1589	393	17	1	2.0	1161
1590	394	8	1	20.5	
1591	394	4	2	18.0	
1592	394	1	1	14.0	
1593	394	18	1	2.5	1164
1594	394	15	1	2.0	1164
1595	394	19	1	2.0	1165
1596	395	1	1	14.0	
1597	395	29	1	5.5	
1598	395	10	1	2.5	1166
1599	395	15	1	2.0	1166
1600	396	2	1	18.0	
1601	396	21	1	3.0	
1602	396	22	1	4.0	
1603	396	29	1	5.5	
1604	397	1	1	14.0	
1605	397	21	1	3.0	
1606	397	30	1	5.0	
1607	398	7	1	19.5	
1608	398	6	1	19.0	
1609	398	24	1	4.0	
1610	398	29	1	5.5	
1611	398	18	1	2.5	1175
1612	399	4	1	18.0	
1613	399	24	1	4.0	
1614	399	22	1	4.0	
1615	399	9	1	3.0	1179
1616	399	12	1	2.5	1179
1617	400	8	1	20.5	
1618	400	23	1	4.5	
1619	400	24	1	4.0	
1620	401	2	1	18.0	
1621	401	8	2	20.5	
1622	401	25	1	5.0	
1623	401	12	1	2.5	1185
1624	402	6	1	19.0	
1625	402	1	1	14.0	
1626	402	22	1	4.0	
1627	402	25	1	5.0	
1628	402	30	1	5.0	
1629	402	19	1	2.0	1188
1630	403	2	1	18.0	
1631	403	5	1	17.0	
1632	403	1	1	14.0	
1633	403	26	1	4.5	
1634	403	23	1	4.5	
1635	403	16	1	1.5	1195
1636	403	12	1	2.5	1195
1637	404	3	1	20.0	
1638	404	27	1	6.0	
1639	404	14	1	3.0	1198
1640	405	6	1	19.0	
1641	405	4	1	18.0	
1642	405	28	1	6.0	
1643	405	18	1	2.5	1201
1644	406	8	1	20.5	
1645	406	1	1	14.0	
1646	406	26	1	4.5	
1647	406	25	1	5.0	
1648	406	17	1	2.0	1203
1649	406	19	1	2.0	1203
1650	407	7	1	19.5	
1651	407	3	1	20.0	
1652	407	2	1	18.0	
1653	407	25	1	5.0	
1654	407	29	1	5.5	
1655	407	19	1	2.0	1207
1656	407	10	1	2.5	1207
1657	408	6	1	19.0	
1658	408	7	1	19.5	
1659	408	27	1	6.0	
1660	409	5	2	17.0	
1661	409	1	1	14.0	
1662	409	4	2	18.0	
1663	409	9	1	3.0	1215
1664	409	19	1	2.0	1216
1665	409	9	1	3.0	1216
1666	409	17	1	2.0	1217
1667	409	19	1	2.0	1217
1668	410	4	1	18.0	
1669	410	7	1	19.5	
1670	410	23	1	4.5	
1671	410	10	1	2.5	1218
1672	410	13	1	2.5	1218
1673	411	3	1	20.0	
1674	411	4	2	18.0	
1675	412	1	2	14.0	
1676	412	7	1	19.5	
1677	412	4	2	18.0	
1678	412	25	1	5.0	
1679	412	12	1	2.5	1223
1680	412	18	1	2.5	1223
1681	412	9	1	3.0	1224
1682	412	15	1	2.0	1224
1683	413	8	1	20.5	
1684	413	6	1	19.0	
1685	413	20	1	3.5	1227
1686	413	11	1	2.0	1228
1687	413	12	1	2.5	1228
1688	414	2	1	18.0	
1689	414	8	1	20.5	
1690	414	24	1	4.0	
1691	414	24	1	4.0	
1692	415	3	2	20.0	
1693	415	6	1	19.0	
1694	415	23	1	4.5	
1695	415	11	1	2.0	1233
1696	416	1	1	14.0	
1697	416	3	2	20.0	
1698	416	9	1	3.0	1237
1699	416	14	1	3.0	1237
1700	417	2	2	18.0	
1701	417	29	1	5.5	
1702	417	16	1	1.5	1238
1703	417	20	1	3.5	1238
1704	418	5	2	17.0	
1705	418	27	1	6.0	
1706	418	18	1	2.5	1240
1707	418	18	1	2.5	1240
1708	419	4	2	18.0	
1709	420	1	1	14.0	
1710	420	15	1	2.0	1243
1711	420	11	1	2.0	1243
1712	421	4	2	18.0	
1713	421	21	1	3.0	
1714	421	23	1	4.5	
1715	421	12	1	2.5	1244
1716	422	8	2	20.5	
1717	422	22	1	4.0	
1718	422	17	1	2.0	1247
1719	422	14	1	3.0	1247
1720	423	8	1	20.5	
1721	423	2	1	18.0	
1722	423	1	1	14.0	
1723	423	13	1	2.5	1249
1724	423	10	1	2.5	1250
1725	423	11	1	2.0	1250
1726	423	17	1	2.0	1251
1727	424	1	2	14.0	
1728	424	21	1	3.0	
1729	424	29	1	5.5	
1730	425	2	1	18.0	
1731	425	4	2	18.0	
1732	425	27	1	6.0	
1733	426	1	1	14.0	
1734	426	8	1	20.5	
1735	427	2	1	18.0	
1736	428	1	2	14.0	
1737	428	7	1	19.5	
1738	428	23	1	4.5	
1739	428	25	1	5.0	
1740	428	16	1	1.5	1262
1741	429	4	1	18.0	
1742	429	8	1	20.5	
1743	429	23	1	4.5	
1744	430	6	1	19.0	
1745	430	4	2	18.0	
1746	430	8	1	20.5	
1747	430	21	1	3.0	
1748	431	5	1	17.0	
1749	431	3	1	20.0	
1750	431	24	1	4.0	
1751	431	9	1	3.0	1272
1752	432	6	1	19.0	
1753	433	5	1	17.0	
1754	433	7	1	19.5	
1755	433	30	1	5.0	
1756	434	2	1	18.0	
1757	434	21	1	3.0	
1758	435	5	2	17.0	
1759	435	7	1	19.5	
1760	436	5	2	17.0	
1761	436	3	2	20.0	
1762	436	4	2	18.0	
1763	436	11	1	2.0	1285
1764	437	1	1	14.0	
1765	437	25	1	5.0	
1766	437	27	1	6.0	
1767	438	7	1	19.5	
1768	438	1	2	14.0	
1769	438	14	1	3.0	1290
1770	438	15	1	2.0	1290
1771	439	1	2	14.0	
1772	439	17	1	2.0	1291
1773	439	20	1	3.5	1291
1774	440	2	1	18.0	
1775	440	1	1	14.0	
1776	441	6	1	19.0	
1777	441	22	1	4.0	
1778	441	23	1	4.5	
1779	441	29	1	5.5	
1780	442	8	1	20.5	
1781	442	5	1	17.0	
1782	443	6	1	19.0	
1783	443	1	2	14.0	
1784	443	7	1	19.5	
1785	443	23	1	4.5	
1786	443	25	1	5.0	
1787	443	16	1	1.5	1302
1788	444	7	2	19.5	
1789	444	4	1	18.0	
1790	444	3	1	20.0	
1791	444	14	1	3.0	1306
1792	444	18	1	2.5	1306
1793	444	10	1	2.5	1307
1794	445	2	2	18.0	
1795	445	22	1	4.0	
1796	445	19	1	2.0	1308
1797	445	19	1	2.0	1308
1798	446	7	1	19.5	
1799	446	3	2	20.0	
1800	446	11	1	2.0	1310
1801	447	8	1	20.5	
1802	447	4	1	18.0	
1803	447	2	2	18.0	
1804	447	25	1	5.0	
1805	447	25	1	5.0	
1806	447	18	1	2.5	1312
1807	447	10	1	2.5	1312
1808	447	9	1	3.0	1314
1809	448	8	1	20.5	
1810	448	26	1	4.5	
1811	448	21	1	3.0	
1812	449	2	1	18.0	
1813	449	6	1	19.0	
1814	449	25	1	5.0	
1815	450	1	1	14.0	
1816	450	22	1	4.0	
1817	451	4	1	18.0	
1818	451	1	1	14.0	
1819	451	25	1	5.0	
1820	452	5	1	17.0	
1821	453	8	1	20.5	
1822	453	3	2	20.0	
1823	454	1	1	14.0	
1824	455	8	1	20.5	
1825	455	6	1	19.0	
1826	455	2	1	18.0	
1827	455	25	1	5.0	
1828	455	19	1	2.0	1334
1829	456	1	1	14.0	
1830	456	5	1	17.0	
1831	456	23	1	4.5	
1832	457	2	1	18.0	
1833	457	5	2	17.0	
1834	457	29	1	5.5	
1835	457	19	1	2.0	1340
1836	458	2	2	18.0	
1837	458	1	1	14.0	
1838	458	25	1	5.0	
1839	459	4	1	18.0	
1840	459	1	1	14.0	
1841	459	3	1	20.0	
1842	459	26	1	4.5	
1843	459	25	1	5.0	
1844	460	4	1	18.0	
1845	460	5	2	17.0	
1846	460	1	1	14.0	
1847	460	16	1	1.5	1350
1848	460	18	1	2.5	1350
1849	460	19	1	2.0	1351
1850	460	12	1	2.5	1352
1851	461	1	1	14.0	
1852	461	30	1	5.0	
1853	461	20	1	3.5	1353
1854	461	14	1	3.0	1353
1855	462	8	1	20.5	
1856	462	5	1	17.0	
1857	462	22	1	4.0	
1858	462	21	1	3.0	
1859	462	27	1	6.0	
1860	463	8	1	20.5	
1861	463	2	1	18.0	
1862	463	13	1	2.5	1361
1863	463	20	1	3.5	1361
1864	464	6	1	19.0	
1865	464	5	1	17.0	
1866	464	21	1	3.0	
1867	464	11	1	2.0	1363
1868	465	6	2	19.0	
1869	465	26	1	4.5	
1870	465	25	1	5.0	
1871	466	5	1	17.0	
1872	467	2	1	18.0	
1873	467	8	1	20.5	
1874	467	5	1	17.0	
1875	467	22	1	4.0	
1876	467	21	1	3.0	
1877	467	12	1	2.5	1371
1878	467	11	1	2.0	1371
1879	468	8	1	20.5	
1880	468	4	1	18.0	
1881	468	23	1	4.5	
1882	468	12	1	2.5	1374
1883	468	20	1	3.5	1375
1884	468	16	1	1.5	1375
1885	469	5	2	17.0	
1886	469	6	1	19.0	
1887	469	25	1	5.0	
1888	469	16	1	1.5	1378
1889	469	19	1	2.0	1378
1890	470	6	2	19.0	
1891	470	5	1	17.0	
1892	471	5	1	17.0	
1893	471	3	1	20.0	
1894	472	6	1	19.0	
1895	472	1	2	14.0	
1896	472	5	2	17.0	
1897	472	11	1	2.0	1384
1898	473	3	1	20.0	
1899	474	3	1	20.0	
1900	474	6	1	19.0	
1901	474	21	1	3.0	
1902	474	13	1	2.5	1388
1903	475	3	2	20.0	
1904	475	6	1	19.0	
1905	475	11	1	2.0	1391
1906	475	16	1	1.5	1392
1907	475	10	1	2.5	1392
1908	476	5	1	17.0	
1909	476	2	1	18.0	
1910	476	23	1	4.5	
1911	476	23	1	4.5	
1912	477	1	1	14.0	
1913	477	26	1	4.5	
1914	478	4	1	18.0	
1915	478	3	1	20.0	
1916	478	24	1	4.0	
1917	478	17	1	2.0	1399
1918	478	16	1	1.5	1400
1919	479	6	1	19.0	
1920	479	3	1	20.0	
1921	479	13	1	2.5	1402
1922	479	11	1	2.0	1402
1923	479	16	1	1.5	1403
1924	480	1	1	14.0	
1925	480	2	1	18.0	
1926	481	3	1	20.0	
1927	481	2	2	18.0	
1928	481	21	1	3.0	
1929	481	26	1	4.5	
1930	481	28	1	6.0	
1931	481	14	1	3.0	1407
1932	482	6	2	19.0	
1933	482	22	1	4.0	
1934	482	16	1	1.5	1411
1935	483	3	1	20.0	
1936	483	4	1	18.0	
1937	483	21	1	3.0	
1938	484	6	1	19.0	
1939	484	21	1	3.0	
1940	484	30	1	5.0	
1941	484	10	1	2.5	1416
1942	484	19	1	2.0	1416
1943	485	1	1	14.0	
1944	485	3	2	20.0	
1945	486	3	1	20.0	
1946	486	5	2	17.0	
1947	487	6	1	19.0	
1948	487	7	1	19.5	
1949	487	26	1	4.5	
1950	487	15	1	2.0	1423
1951	487	11	1	2.0	1424
1952	488	6	1	19.0	
1953	488	3	1	20.0	
1954	488	23	1	4.5	
1955	488	23	1	4.5	
1956	488	11	1	2.0	1427
1957	488	13	1	2.5	1427
1958	489	3	2	20.0	
1959	489	6	1	19.0	
1960	489	26	1	4.5	
1961	489	20	1	3.5	1431
1962	489	18	1	2.5	1431
1963	490	2	1	18.0	
1964	490	3	1	20.0	
1965	490	30	1	5.0	
1966	490	20	1	3.5	1434
1967	490	19	1	2.0	1434
1968	491	6	1	19.0	
1969	491	5	1	17.0	
1970	491	27	1	6.0	
1971	492	3	1	20.0	
1972	492	8	1	20.5	
1973	492	21	1	3.0	
1974	492	12	1	2.5	1440
1975	493	1	1	14.0	
1976	493	3	1	20.0	
1977	493	24	1	4.0	
1978	493	23	1	4.5	
1979	493	11	1	2.0	1442
1980	493	16	1	1.5	1442
1981	494	6	1	19.0	
1982	494	4	1	18.0	
1983	494	29	1	5.5	
1984	494	18	1	2.5	1446
1985	495	2	1	18.0	
1986	495	1	1	14.0	
1987	495	18	1	2.5	1449
1988	496	6	2	19.0	
1989	496	8	1	20.5	
1990	496	24	1	4.0	
1991	496	30	1	5.0	
1992	497	3	1	20.0	
1993	497	22	1	4.0	
1994	497	22	1	4.0	
1995	497	15	1	2.0	1455
1996	497	15	1	2.0	1455
1997	498	8	2	20.5	
1998	498	6	1	19.0	
1999	498	22	1	4.0	
2000	498	28	1	6.0	
2001	498	17	1	2.0	1458
2002	498	17	1	2.0	1458
2003	499	3	1	20.0	
2004	499	4	1	18.0	
2005	499	5	1	17.0	
2006	499	9	1	3.0	1464
2007	500	2	1	18.0	
2008	500	6	2	19.0	
2009	500	5	1	17.0	
2010	500	25	1	5.0	
2011	500	20	1	3.5	1467
2012	500	9	1	3.0	1467
2013	501	7	2	19.5	
2014	501	6	2	19.0	
2015	501	3	2	20.0	
2016	501	23	1	4.5	
2017	501	23	1	4.5	
2018	501	30	1	5.0	
2019	501	12	1	2.5	1469
2020	501	13	1	2.5	1469
2021	502	6	1	19.0	
2022	502	5	1	17.0	
2023	502	3	1	20.0	
2024	502	18	1	2.5	1475
2025	502	11	1	2.0	1477
2026	503	7	1	19.5	
2027	504	8	1	20.5	
2028	504	2	1	18.0	
2029	504	4	1	18.0	
2030	504	24	1	4.0	
2031	504	24	1	4.0	
2032	504	14	1	3.0	1479
2033	504	13	1	2.5	1480
2034	505	4	2	18.0	
2035	505	3	1	20.0	
2036	505	6	1	19.0	
2037	506	4	1	18.0	
2038	506	23	1	4.5	
2039	507	4	1	18.0	
2040	507	2	1	18.0	
2041	507	30	1	5.0	
2042	507	14	1	3.0	1490
2043	508	2	1	18.0	
2044	508	6	2	19.0	
2045	509	5	1	17.0	
2046	509	6	1	19.0	
2047	509	22	1	4.0	
2048	509	19	1	2.0	1495
2049	509	16	1	1.5	1495
2050	510	2	1	18.0	
2051	511	8	1	20.5	
2052	511	1	1	14.0	
2053	511	24	1	4.0	
2054	511	22	1	4.0	
2055	512	5	1	17.0	
2056	512	26	1	4.5	
2057	512	14	1	3.0	1502
2058	512	11	1	2.0	1502
2059	513	8	1	20.5	
2060	513	7	1	19.5	
2061	513	21	1	3.0	
2062	514	5	2	17.0	
2063	514	20	1	3.5	1507
2064	514	16	1	1.5	1507
2065	515	2	2	18.0	
2066	515	26	1	4.5	
2067	515	21	1	3.0	
2068	515	16	1	1.5	1508
2069	515	13	1	2.5	1508
2070	516	8	1	20.5	
2071	516	2	1	18.0	
2072	517	6	1	19.0	
2073	517	3	1	20.0	
2074	517	2	2	18.0	
2075	517	15	1	2.0	1515
2076	517	15	1	2.0	1515
2077	518	8	1	20.5	
2078	518	25	1	5.0	
2079	518	21	1	3.0	
2080	518	20	1	3.5	1516
2081	519	8	1	20.5	
2082	519	6	1	19.0	
2083	519	2	1	18.0	
2084	519	25	1	5.0	
2085	519	24	1	4.0	
2086	519	28	1	6.0	
2087	519	16	1	1.5	1519
2088	519	17	1	2.0	1519
2089	520	6	1	19.0	
2090	520	22	1	4.0	
2091	520	22	1	4.0	
2092	521	6	1	19.0	
2093	521	2	1	18.0	
2094	521	8	1	20.5	
2095	521	21	1	3.0	
2096	521	13	1	2.5	1528
2097	521	12	1	2.5	1528
2098	521	9	1	3.0	1529
2099	521	11	1	2.0	1529
2100	522	2	1	18.0	
2101	522	1	1	14.0	
2102	522	24	1	4.0	
2103	522	26	1	4.5	
2104	523	2	2	18.0	
2105	523	4	1	18.0	
2106	523	15	1	2.0	1536
2107	523	10	1	2.5	1536
2108	524	5	1	17.0	
2109	524	6	2	19.0	
2110	524	12	1	2.5	1538
2111	524	11	1	2.0	1539
2112	525	3	1	20.0	
2113	525	2	1	18.0	
2114	525	5	2	17.0	
2115	525	29	1	5.5	
2116	525	11	1	2.0	1541
2117	525	19	1	2.0	1542
2118	525	14	1	3.0	1542
2119	526	3	2	20.0	
2120	526	2	1	18.0	
2121	526	10	1	2.5	1544
2122	526	16	1	1.5	1545
2123	526	15	1	2.0	1545
2124	527	2	1	18.0	
2125	527	4	1	18.0	
2126	527	21	1	3.0	
2127	527	26	1	4.5	
2128	527	11	1	2.0	1547
2129	528	8	1	20.5	
2130	528	6	1	19.0	
2131	528	25	1	5.0	
2132	528	14	1	3.0	1551
2133	529	3	1	20.0	
2134	529	6	1	19.0	
2135	529	1	1	14.0	
2136	529	14	1	3.0	1553
2137	529	9	1	3.0	1553
2138	530	6	1	19.0	
2139	530	24	1	4.0	
2140	531	1	2	14.0	
2141	531	5	1	17.0	
2142	531	21	1	3.0	
2143	531	10	1	2.5	1558
2144	531	10	1	2.5	1558
2145	531	13	1	2.5	1559
2146	531	16	1	1.5	1559
2147	532	4	2	18.0	
2148	532	7	1	19.5	
2149	532	25	1	5.0	
2150	532	29	1	5.5	
2151	533	3	1	20.0	
2152	533	5	1	17.0	
2153	533	13	1	2.5	1566
2154	533	15	1	2.0	1566
2155	534	2	1	18.0	
2156	534	1	1	14.0	
2157	534	21	1	3.0	
2158	534	29	1	5.5	
2159	534	11	1	2.0	1567
2160	534	12	1	2.5	1567
2161	534	15	1	2.0	1568
2162	534	18	1	2.5	1568
2163	535	5	1	17.0	
2164	535	7	1	19.5	
2165	536	6	1	19.0	
2166	536	23	1	4.5	
2167	536	30	1	5.0	
2168	537	2	1	18.0	
2169	537	1	1	14.0	
2170	537	23	1	4.5	
2171	537	20	1	3.5	1577
2172	537	15	1	2.0	1577
2173	538	8	1	20.5	
2174	538	2	1	18.0	
2175	538	5	1	17.0	
2176	538	26	1	4.5	
2177	538	17	1	2.0	1580
2178	538	18	1	2.5	1580
2179	538	9	1	3.0	1581
2180	538	18	1	2.5	1581
2181	539	6	1	19.0	
2182	539	8	1	20.5	
2183	540	1	1	14.0	
2184	540	6	1	19.0	
2185	540	23	1	4.5	
2186	541	6	1	19.0	
2187	541	8	1	20.5	
2188	541	27	1	6.0	
2189	541	16	1	1.5	1588
2190	541	14	1	3.0	1589
2191	542	8	1	20.5	
2192	542	3	1	20.0	
2193	542	23	1	4.5	
2194	542	25	1	5.0	
2195	542	14	1	3.0	1592
2196	543	5	2	17.0	
2197	543	29	1	5.5	
2198	543	15	1	2.0	1595
2199	543	11	1	2.0	1595
2200	544	5	1	17.0	
2201	544	1	1	14.0	
2202	544	27	1	6.0	
2203	544	16	1	1.5	1598
2204	545	7	1	19.5	
2205	545	6	1	19.0	
2206	545	5	1	17.0	
2207	545	22	1	4.0	
2208	546	3	2	20.0	
2209	547	4	1	18.0	
2210	547	24	1	4.0	
2211	548	6	1	19.0	
2212	548	1	1	14.0	
2213	548	20	1	3.5	1607
2214	548	9	1	3.0	1607
2215	549	7	1	19.5	
2216	549	2	1	18.0	
2217	549	5	2	17.0	
2218	549	21	1	3.0	
2219	550	3	2	20.0	
